accuracy,loss,val_accuracy,val_loss,learning_rate
0.0416666679084301,2.116234540939331,0.0,2.1250967979431152,0.0010000000474974513
0.3333333432674408,1.9650593996047974,0.0,2.161980390548706,0.0010000000474974513
0.4583333432674408,1.8475948572158813,0.0,2.1783461570739746,0.0010000000474974513
0.3333333432674408,1.8152332305908203,0.0,2.1970810890197754,0.0010000000474974513
0.5416666865348816,1.6800874471664429,0.0,2.221670389175415,0.0010000000474974513
0.5833333134651184,1.5724663734436035,0.0,2.2636849880218506,0.0010000000474974513
0.5,1.5496031045913696,0.0,2.2942869663238525,0.0005000000237487257
0.5416666865348816,1.5281662940979004,0.0,2.3364574909210205,0.0005000000237487257
0.5416666865348816,1.5135807991027832,0.0,2.384993314743042,0.0005000000237487257
0.625,1.4761861562728882,0.0,2.43996000289917,0.0005000000237487257
0.5416666865348816,1.4277119636535645,0.0,2.5076048374176025,0.0005000000237487257
0.5,1.4123039245605469,0.0,2.547083616256714,0.0002500000118743628
0.625,1.3993638753890991,0.0,2.58957839012146,0.0002500000118743628
