label,video
eat,ISL_DATASET\eat\eat__CISLR__00016__Cgs1MibMXJ0.mp4
eat,ISL_DATASET\eat\eat__ISL500__00082__Eat__session112__clip008.mp4
eat,ISL_DATASET\eat\eat__ISL500__00109__Eat__session150__clip002.mp4
eat,ISL_DATASET\eat\eat__ISL500__00136__Eat__session132__clip022.mp4
eat,ISL_DATASET\eat\eat__ISL500__00163__Eat__session110__clip005.mp4
eat,ISL_DATASET\eat\eat__ISL500__00190__Eat__session135__clip033.mp4
eat,ISL_DATASET\eat\eat__ISL500__00217__Eat__session153__clip010.mp4
go,ISL_DATASET\go\go__CISLR__00039__PQoocuBF2f8_1.mp4
go,ISL_DATASET\go\go__ISL500__00086__Go__session118__clip011.mp4
go,ISL_DATASET\go\go__ISL500__00113__Go__session160__clip026.mp4
go,ISL_DATASET\go\go__ISL500__00140__Go__session10__clip004.mp4
go,ISL_DATASET\go\go__ISL500__00167__Go__session103__clip023.mp4
go,ISL_DATASET\go\go__ISL500__00194__Go__session160__clip002.mp4
go,ISL_DATASET\go\go__ISL500__00221__Go__session109__clip032.mp4
hello,ISL_DATASET\hello\hello__INCLUDE__00566__MVI_0029.mp4
hello,ISL_DATASET\hello\hello__INCLUDE__00567__MVI_0030.mp4
hello,ISL_DATASET\hello\hello__INCLUDE__00568__MVI_0031.mp4
hello,ISL_DATASET\hello\hello__INCLUDE__00569__MVI_0032.mp4
hello,ISL_DATASET\hello\hello__INCLUDE__00570__MVI_0037.mp4
hello,ISL_DATASET\hello\hello__INCLUDE__00571__MVI_0038.mp4
hello,ISL_DATASET\hello\hello__ISL500__00087__Hello__session101__clip021.mp4
help,ISL_DATASET\help\help__CISLR__00018__E91cfQBn8_4_1.mp4
help,ISL_DATASET\help\help__ISL500__00088__Help__session111__clip022.mp4
help,ISL_DATASET\help\help__ISL500__00115__Help__session155__clip011.mp4
help,ISL_DATASET\help\help__ISL500__00142__Help__session136__clip019.mp4
help,ISL_DATASET\help\help__ISL500__00169__Help__session105__clip013.mp4
help,ISL_DATASET\help\help__ISL500__00196__Help__session144__clip002.mp4
help,ISL_DATASET\help\help__ISL500__00223__Help__session110__clip001.mp4
no,ISL_DATASET\no\no__CISLR__00015__CXEDTo1PXCg.mp4
no,ISL_DATASET\no\no__ISL500__00092__No__session104__clip019.mp4
no,ISL_DATASET\no\no__ISL500__00119__No__session161__clip025.mp4
no,ISL_DATASET\no\no__ISL500__00146__No__session107__clip008.mp4
no,ISL_DATASET\no\no__ISL500__00173__No__session110__clip018.mp4
no,ISL_DATASET\no\no__ISL500__00200__No__session162__clip014.mp4
no,ISL_DATASET\no\no__ISL500__00227__No__session143__clip002.mp4
please,ISL_DATASET\please\please__CISLR__00065__iGDJKo1-w5k.mp4
please,ISL_DATASET\please\please__ISL500__00093__Please__session104__clip016.mp4
please,ISL_DATASET\please\please__ISL500__00120__Please__session106__clip004.mp4
please,ISL_DATASET\please\please__ISL500__00147__Please__session111__clip009.mp4
please,ISL_DATASET\please\please__ISL500__00174__Please__session107__clip001.mp4
please,ISL_DATASET\please\please__ISL500__00201__Please__session117__clip014.mp4
please,ISL_DATASET\please\please__ISL500__00228__Please__session105__clip001.mp4
water,ISL_DATASET\water\water__CISLR__00010__5FSC6Og1RBQ_2.mp4
water,ISL_DATASET\water\water__ISL500__00103__Water__session117__clip006.mp4
water,ISL_DATASET\water\water__ISL500__00130__Water__session158__clip023.mp4
water,ISL_DATASET\water\water__ISL500__00157__Water__session102__clip018.mp4
water,ISL_DATASET\water\water__ISL500__00184__Water__session121__clip007.mp4
water,ISL_DATASET\water\water__ISL500__00211__Water__session109__clip006.mp4
water,ISL_DATASET\water\water__ISL500__00238__Water__session104__clip017.mp4
yes,ISL_DATASET\yes\yes__CISLR__00033__LAT-u9Ww5ZU.mp4
yes,ISL_DATASET\yes\yes__ISL500__00106__Yes__session105__clip014.mp4
yes,ISL_DATASET\yes\yes__ISL500__00133__Yes__session140__clip009.mp4
yes,ISL_DATASET\yes\yes__ISL500__00160__Yes__session114__clip001.mp4
yes,ISL_DATASET\yes\yes__ISL500__00187__Yes__session105__clip015.mp4
yes,ISL_DATASET\yes\yes__ISL500__00214__Yes__session114__clip002.mp4
yes,ISL_DATASET\yes\yes__ISL500__00241__Yes__session112__clip005.mp4
